file_name,relative_path,group_code,group_label,extension
Ac_Medal01.png,data/jpg/equipment/accessory/medal/Ac_Medal01.png,accessory_medal,??/??/??,.png
Ac_Medal02.png,data/jpg/equipment/accessory/medal/Ac_Medal02.png,accessory_medal,??/??/??,.png
Ac_Medal03.png,data/jpg/equipment/accessory/medal/Ac_Medal03.png,accessory_medal,??/??/??,.png
Ac_Medal04.png,data/jpg/equipment/accessory/medal/Ac_Medal04.png,accessory_medal,??/??/??,.png
Ac_Necklace01.png,data/jpg/equipment/accessory/necklace/Ac_Necklace01.png,accessory_necklace,??/??/??,.png
Ac_Necklace02.png,data/jpg/equipment/accessory/necklace/Ac_Necklace02.png,accessory_necklace,??/??/??,.png
Ac_Necklace03.png,data/jpg/equipment/accessory/necklace/Ac_Necklace03.png,accessory_necklace,??/??/??,.png
Ac_Necklace04.png,data/jpg/equipment/accessory/necklace/Ac_Necklace04.png,accessory_necklace,??/??/??,.png
Ac_Ring04.png,data/jpg/equipment/accessory/ring/Ac_Ring04.png,accessory_ring,??/??/??,.png
A_Armor04.png,data/jpg/equipment/armor/body/A_Armor04.png,armor_body,??/????,.png
A_Armor05.png,data/jpg/equipment/armor/body/A_Armor05.png,armor_body,??/????,.png
A_Armour01.png,data/jpg/equipment/armor/body/A_Armour01.png,armor_body,??/????,.png
A_Armour02.png,data/jpg/equipment/armor/body/A_Armour02.png,armor_body,??/????,.png
A_Armour03.png,data/jpg/equipment/armor/body/A_Armour03.png,armor_body,??/????,.png
A_Clothing01.png,data/jpg/equipment/armor/body/A_Clothing01.png,armor_body,??/????,.png
A_Clothing02.png,data/jpg/equipment/armor/body/A_Clothing02.png,armor_body,??/????,.png
A_Shoes01.png,data/jpg/equipment/armor/feet/A_Shoes01.png,armor_feet,??/????,.png
A_Shoes02.png,data/jpg/equipment/armor/feet/A_Shoes02.png,armor_feet,??/????,.png
A_Shoes03.png,data/jpg/equipment/armor/feet/A_Shoes03.png,armor_feet,??/????,.png
A_Shoes04.png,data/jpg/equipment/armor/feet/A_Shoes04.png,armor_feet,??/????,.png
A_Shoes05.png,data/jpg/equipment/armor/feet/A_Shoes05.png,armor_feet,??/????,.png
A_Shoes06.png,data/jpg/equipment/armor/feet/A_Shoes06.png,armor_feet,??/????,.png
A_Shoes07.png,data/jpg/equipment/armor/feet/A_Shoes07.png,armor_feet,??/????,.png
C_Elm01.png,data/jpg/equipment/armor/head/C_Elm01.png,armor_head,??/????,.png
C_Elm03.png,data/jpg/equipment/armor/head/C_Elm03.png,armor_head,??/????,.png
C_Elm04.png,data/jpg/equipment/armor/head/C_Elm04.png,armor_head,??/????,.png
C_Hat01.png,data/jpg/equipment/armor/head/C_Hat01.png,armor_head,??/????,.png
C_Hat02.png,data/jpg/equipment/armor/head/C_Hat02.png,armor_head,??/????,.png
E_Bones02.png,data/jpg/environment/resource/bones/E_Bones02.png,env_bones,??/????,.png
E_Bones03.png,data/jpg/environment/resource/bones/E_Bones03.png,env_bones,??/????,.png
E_Gold01.png,data/jpg/environment/resource/gold/E_Gold01.png,env_gold,??/????,.png
E_Gold02.png,data/jpg/environment/resource/gold/E_Gold02.png,env_gold,??/????,.png
E_Metal01.png,data/jpg/environment/resource/metal/E_Metal01.png,env_metal,??/????,.png
E_Metal02.png,data/jpg/environment/resource/metal/E_Metal02.png,env_metal,??/????,.png
E_Metal03.png,data/jpg/environment/resource/metal/E_Metal03.png,env_metal,??/????,.png
E_Metal04.png,data/jpg/environment/resource/metal/E_Metal04.png,env_metal,??/????,.png
E_Metal05.png,data/jpg/environment/resource/metal/E_Metal05.png,env_metal,??/????,.png
E_Wood01.png,data/jpg/environment/resource/wood/E_Wood01.png,env_wood,??/????,.png
E_Wood02.png,data/jpg/environment/resource/wood/E_Wood02.png,env_wood,??/????,.png
E_Wood03.png,data/jpg/environment/resource/wood/E_Wood03.png,env_wood,??/????,.png
E_Wood04.png,data/jpg/environment/resource/wood/E_Wood04.png,env_wood,??/????,.png
I_Chest01.png,data/jpg/items/utility/container/I_Chest01.png,item_container,??/?????,.png
I_Chest02.png,data/jpg/items/utility/container/I_Chest02.png,item_container,??/?????,.png
I_BronzeCoin.png,data/jpg/items/currency/I_BronzeCoin.png,item_currency,??/??,.png
I_GoldCoin.png,data/jpg/items/currency/I_GoldCoin.png,item_currency,??/??,.png
I_SilverCoin.png,data/jpg/items/currency/I_SilverCoin.png,item_currency,??/??,.png
I_Book.png,data/jpg/items/utility/document/I_Book.png,item_document,??/?????,.png
I_Ink.png,data/jpg/items/utility/document/I_Ink.png,item_document,??/?????,.png
I_Map.png,data/jpg/items/utility/document/I_Map.png,item_document,??/?????,.png
I_Scroll.png,data/jpg/items/utility/document/I_Scroll.png,item_document,??/?????,.png
I_Scroll02.png,data/jpg/items/utility/document/I_Scroll02.png,item_document,??/?????,.png
I_C_Banana.png,data/jpg/items/consumable/food/I_C_Banana.png,item_food,??/??,.png
I_C_Bread.png,data/jpg/items/consumable/food/I_C_Bread.png,item_food,??/??,.png
I_C_Carrot.png,data/jpg/items/consumable/food/I_C_Carrot.png,item_food,??/??,.png
I_C_Cheese.png,data/jpg/items/consumable/food/I_C_Cheese.png,item_food,??/??,.png
I_C_Cherry.png,data/jpg/items/consumable/food/I_C_Cherry.png,item_food,??/??,.png
I_C_Fish.png,data/jpg/items/consumable/food/I_C_Fish.png,item_food,??/??,.png
I_C_Grapes.png,data/jpg/items/consumable/food/I_C_Grapes.png,item_food,??/??,.png
I_C_GreenGrapes.png,data/jpg/items/consumable/food/I_C_GreenGrapes.png,item_food,??/??,.png
I_C_GreenPepper.png,data/jpg/items/consumable/food/I_C_GreenPepper.png,item_food,??/??,.png
I_C_Lemon.png,data/jpg/items/consumable/food/I_C_Lemon.png,item_food,??/??,.png
I_C_Meat.png,data/jpg/items/consumable/food/I_C_Meat.png,item_food,??/??,.png
I_C_Mulberry.png,data/jpg/items/consumable/food/I_C_Mulberry.png,item_food,??/??,.png
I_C_Mushroom.png,data/jpg/items/consumable/food/I_C_Mushroom.png,item_food,??/??,.png
I_C_Nut.png,data/jpg/items/consumable/food/I_C_Nut.png,item_food,??/??,.png
I_C_Orange.png,data/jpg/items/consumable/food/I_C_Orange.png,item_food,??/??,.png
I_C_Pear.png,data/jpg/items/consumable/food/I_C_Pear.png,item_food,??/??,.png
I_C_Pie.png,data/jpg/items/consumable/food/I_C_Pie.png,item_food,??/??,.png
I_C_Pineapple.png,data/jpg/items/consumable/food/I_C_Pineapple.png,item_food,??/??,.png
I_C_Radish.png,data/jpg/items/consumable/food/I_C_Radish.png,item_food,??/??,.png
I_C_RawFish.png,data/jpg/items/consumable/food/I_C_RawFish.png,item_food,??/??,.png
I_C_RawMeat.png,data/jpg/items/consumable/food/I_C_RawMeat.png,item_food,??/??,.png
I_C_RedPepper.png,data/jpg/items/consumable/food/I_C_RedPepper.png,item_food,??/??,.png
I_C_Strawberry.png,data/jpg/items/consumable/food/I_C_Strawberry.png,item_food,??/??,.png
I_C_Watermellon.png,data/jpg/items/consumable/food/I_C_Watermellon.png,item_food,??/??,.png
I_C_YellowPepper.png,data/jpg/items/consumable/food/I_C_YellowPepper.png,item_food,??/??,.png
I_Key01.png,data/jpg/items/key/I_Key01.png,item_key,??/??,.png
I_Key02.png,data/jpg/items/key/I_Key02.png,item_key,??/??,.png
I_Key03.png,data/jpg/items/key/I_Key03.png,item_key,??/??,.png
I_Key04.png,data/jpg/items/key/I_Key04.png,item_key,??/??,.png
I_Key05.png,data/jpg/items/key/I_Key05.png,item_key,??/??,.png
I_Key06.png,data/jpg/items/key/I_Key06.png,item_key,??/??,.png
I_Key07.png,data/jpg/items/key/I_Key07.png,item_key,??/??,.png
I_Agate.png,data/jpg/items/material/mineral/I_Agate.png,item_mineral,??/??/????,.png
I_Amethist.png,data/jpg/items/material/mineral/I_Amethist.png,item_mineral,??/??/????,.png
I_BronzeBar.png,data/jpg/items/material/mineral/I_BronzeBar.png,item_mineral,??/??/????,.png
I_Coal.png,data/jpg/items/material/mineral/I_Coal.png,item_mineral,??/??/????,.png
I_Crystal01.png,data/jpg/items/material/mineral/I_Crystal01.png,item_mineral,??/??/????,.png
I_Crystal02.png,data/jpg/items/material/mineral/I_Crystal02.png,item_mineral,??/??/????,.png
I_Crystal03.png,data/jpg/items/material/mineral/I_Crystal03.png,item_mineral,??/??/????,.png
I_Diamond.png,data/jpg/items/material/mineral/I_Diamond.png,item_mineral,??/??/????,.png
I_GoldBar.png,data/jpg/items/material/mineral/I_GoldBar.png,item_mineral,??/??/????,.png
I_IronBall.png,data/jpg/items/material/mineral/I_IronBall.png,item_mineral,??/??/????,.png
I_Jade.png,data/jpg/items/material/mineral/I_Jade.png,item_mineral,??/??/????,.png
I_Opal.png,data/jpg/items/material/mineral/I_Opal.png,item_mineral,??/??/????,.png
I_Rock01.png,data/jpg/items/material/mineral/I_Rock01.png,item_mineral,??/??/????,.png
I_Rock02.png,data/jpg/items/material/mineral/I_Rock02.png,item_mineral,??/??/????,.png
I_Rock03.png,data/jpg/items/material/mineral/I_Rock03.png,item_mineral,??/??/????,.png
I_Rock04.png,data/jpg/items/material/mineral/I_Rock04.png,item_mineral,??/??/????,.png
I_Rock05.png,data/jpg/items/material/mineral/I_Rock05.png,item_mineral,??/??/????,.png
I_Rubi.png,data/jpg/items/material/mineral/I_Rubi.png,item_mineral,??/??/????,.png
I_Saphire.png,data/jpg/items/material/mineral/I_Saphire.png,item_mineral,??/??/????,.png
I_SilverBar.png,data/jpg/items/material/mineral/I_SilverBar.png,item_mineral,??/??/????,.png
I_Bottle01.png,data/jpg/items/consumable/misc/I_Bottle01.png,item_misc_consumable,??/?????,.png
I_Bottle02.png,data/jpg/items/consumable/misc/I_Bottle02.png,item_misc_consumable,??/?????,.png
I_Bottle03.png,data/jpg/items/consumable/misc/I_Bottle03.png,item_misc_consumable,??/?????,.png
I_Bottle04.png,data/jpg/items/consumable/misc/I_Bottle04.png,item_misc_consumable,??/?????,.png
I_Water.png,data/jpg/items/consumable/misc/I_Water.png,item_misc_consumable,??/?????,.png
I_BatWing.png,data/jpg/items/material/organic/I_BatWing.png,item_organic,??/??/????,.png
I_BirdsBeak.png,data/jpg/items/material/organic/I_BirdsBeak.png,item_organic,??/??/????,.png
I_Bone.png,data/jpg/items/material/organic/I_Bone.png,item_organic,??/??/????,.png
I_Eye.png,data/jpg/items/material/organic/I_Eye.png,item_organic,??/??/????,.png
I_Fabric.png,data/jpg/items/material/organic/I_Fabric.png,item_organic,??/??/????,.png
I_Fang.png,data/jpg/items/material/organic/I_Fang.png,item_organic,??/??/????,.png
I_Feather01.png,data/jpg/items/material/organic/I_Feather01.png,item_organic,??/??/????,.png
I_Feather02.png,data/jpg/items/material/organic/I_Feather02.png,item_organic,??/??/????,.png
I_FishTail.png,data/jpg/items/material/organic/I_FishTail.png,item_organic,??/??/????,.png
I_FoxTail.png,data/jpg/items/material/organic/I_FoxTail.png,item_organic,??/??/????,.png
I_FrogLeg.png,data/jpg/items/material/organic/I_FrogLeg.png,item_organic,??/??/????,.png
I_Leaf.png,data/jpg/items/material/organic/I_Leaf.png,item_organic,??/??/????,.png
I_ScorpionClaw.png,data/jpg/items/material/organic/I_ScorpionClaw.png,item_organic,??/??/????,.png
I_SnailShell.png,data/jpg/items/material/organic/I_SnailShell.png,item_organic,??/??/????,.png
I_SolidShell.png,data/jpg/items/material/organic/I_SolidShell.png,item_organic,??/??/????,.png
I_Tentacle.png,data/jpg/items/material/organic/I_Tentacle.png,item_organic,??/??/????,.png
I_WolfFur.png,data/jpg/items/material/organic/I_WolfFur.png,item_organic,??/??/????,.png
P_Blue01.png,data/jpg/items/consumable/potion/P_Blue01.png,item_potion,??/??,.png
P_Blue02.png,data/jpg/items/consumable/potion/P_Blue02.png,item_potion,??/??,.png
P_Blue03.png,data/jpg/items/consumable/potion/P_Blue03.png,item_potion,??/??,.png
P_Blue04.png,data/jpg/items/consumable/potion/P_Blue04.png,item_potion,??/??,.png
P_Green01.png,data/jpg/items/consumable/potion/P_Green01.png,item_potion,??/??,.png
P_Green02.png,data/jpg/items/consumable/potion/P_Green02.png,item_potion,??/??,.png
P_Green03.png,data/jpg/items/consumable/potion/P_Green03.png,item_potion,??/??,.png
P_Green04.png,data/jpg/items/consumable/potion/P_Green04.png,item_potion,??/??,.png
P_Medicine01.png,data/jpg/items/consumable/potion/P_Medicine01.png,item_potion,??/??,.png
P_Medicine02.png,data/jpg/items/consumable/potion/P_Medicine02.png,item_potion,??/??,.png
P_Medicine03.png,data/jpg/items/consumable/potion/P_Medicine03.png,item_potion,??/??,.png
P_Medicine04.png,data/jpg/items/consumable/potion/P_Medicine04.png,item_potion,??/??,.png
P_Medicine05.png,data/jpg/items/consumable/potion/P_Medicine05.png,item_potion,??/??,.png
P_Medicine06.png,data/jpg/items/consumable/potion/P_Medicine06.png,item_potion,??/??,.png
P_Medicine07.png,data/jpg/items/consumable/potion/P_Medicine07.png,item_potion,??/??,.png
P_Medicine08.png,data/jpg/items/consumable/potion/P_Medicine08.png,item_potion,??/??,.png
P_Medicine09.png,data/jpg/items/consumable/potion/P_Medicine09.png,item_potion,??/??,.png
P_Orange01.png,data/jpg/items/consumable/potion/P_Orange01.png,item_potion,??/??,.png
P_Orange02.png,data/jpg/items/consumable/potion/P_Orange02.png,item_potion,??/??,.png
P_Orange03.png,data/jpg/items/consumable/potion/P_Orange03.png,item_potion,??/??,.png
P_Orange04.png,data/jpg/items/consumable/potion/P_Orange04.png,item_potion,??/??,.png
P_Pink01.png,data/jpg/items/consumable/potion/P_Pink01.png,item_potion,??/??,.png
P_Pink02.png,data/jpg/items/consumable/potion/P_Pink02.png,item_potion,??/??,.png
P_Pink03.png,data/jpg/items/consumable/potion/P_Pink03.png,item_potion,??/??,.png
P_Pink04.png,data/jpg/items/consumable/potion/P_Pink04.png,item_potion,??/??,.png
P_Red01.png,data/jpg/items/consumable/potion/P_Red01.png,item_potion,??/??,.png
P_Red02.png,data/jpg/items/consumable/potion/P_Red02.png,item_potion,??/??,.png
P_Red03.png,data/jpg/items/consumable/potion/P_Red03.png,item_potion,??/??,.png
P_Red04.png,data/jpg/items/consumable/potion/P_Red04.png,item_potion,??/??,.png
P_White01.png,data/jpg/items/consumable/potion/P_White01.png,item_potion,??/??,.png
P_White02.png,data/jpg/items/consumable/potion/P_White02.png,item_potion,??/??,.png
P_White03.png,data/jpg/items/consumable/potion/P_White03.png,item_potion,??/??,.png
P_White04.png,data/jpg/items/consumable/potion/P_White04.png,item_potion,??/??,.png
P_Yellow01.png,data/jpg/items/consumable/potion/P_Yellow01.png,item_potion,??/??,.png
P_Yellow02.png,data/jpg/items/consumable/potion/P_Yellow02.png,item_potion,??/??,.png
P_Yellow03.png,data/jpg/items/consumable/potion/P_Yellow03.png,item_potion,??/??,.png
P_Yellow04.png,data/jpg/items/consumable/potion/P_Yellow04.png,item_potion,??/??,.png
I_Antidote.png,data/jpg/items/consumable/remedy/I_Antidote.png,item_remedy,??/?????,.png
I_Cannon01.png,data/jpg/items/utility/tool/I_Cannon01.png,item_tool,??/??,.png
I_Cannon02.png,data/jpg/items/utility/tool/I_Cannon02.png,item_tool,??/??,.png
I_Cannon03.png,data/jpg/items/utility/tool/I_Cannon03.png,item_tool,??/??,.png
I_Cannon04.png,data/jpg/items/utility/tool/I_Cannon04.png,item_tool,??/??,.png
I_Cannon05.png,data/jpg/items/utility/tool/I_Cannon05.png,item_tool,??/??,.png
I_Mirror.png,data/jpg/items/utility/tool/I_Mirror.png,item_tool,??/??,.png
I_Telescope.png,data/jpg/items/utility/tool/I_Telescope.png,item_tool,??/??,.png
I_Torch01.png,data/jpg/items/utility/tool/I_Torch01.png,item_tool,??/??,.png
I_Torch02.png,data/jpg/items/utility/tool/I_Torch02.png,item_tool,??/??,.png
S_Magic01.png,data/jpg/skills/support/arcane/S_Magic01.png,skill_arcane,??/??,.png
S_Magic02.png,data/jpg/skills/support/arcane/S_Magic02.png,skill_arcane,??/??,.png
S_Magic03.png,data/jpg/skills/support/arcane/S_Magic03.png,skill_arcane,??/??,.png
S_Magic04.png,data/jpg/skills/support/arcane/S_Magic04.png,skill_arcane,??/??,.png
S_Bow01.png,data/jpg/skills/physical/bow/S_Bow01.png,skill_bow,??/??,.png
S_Bow02.png,data/jpg/skills/physical/bow/S_Bow02.png,skill_bow,??/??,.png
S_Bow03.png,data/jpg/skills/physical/bow/S_Bow03.png,skill_bow,??/??,.png
S_Bow04.png,data/jpg/skills/physical/bow/S_Bow04.png,skill_bow,??/??,.png
S_Bow05.png,data/jpg/skills/physical/bow/S_Bow05.png,skill_bow,??/??,.png
S_Bow06.png,data/jpg/skills/physical/bow/S_Bow06.png,skill_bow,??/??,.png
S_Bow07.png,data/jpg/skills/physical/bow/S_Bow07.png,skill_bow,??/??,.png
S_Bow08.png,data/jpg/skills/physical/bow/S_Bow08.png,skill_bow,??/??,.png
S_Bow09.png,data/jpg/skills/physical/bow/S_Bow09.png,skill_bow,??/??,.png
S_Bow10.png,data/jpg/skills/physical/bow/S_Bow10.png,skill_bow,??/??,.png
S_Bow11.png,data/jpg/skills/physical/bow/S_Bow11.png,skill_bow,??/??,.png
S_Bow12.png,data/jpg/skills/physical/bow/S_Bow12.png,skill_bow,??/??,.png
S_Bow13.png,data/jpg/skills/physical/bow/S_Bow13.png,skill_bow,??/??,.png
S_Bow14.png,data/jpg/skills/physical/bow/S_Bow14.png,skill_bow,??/??,.png
S_Buff01.png,data/jpg/skills/support/buff/S_Buff01.png,skill_buff,??/??,.png
S_Buff02.png,data/jpg/skills/support/buff/S_Buff02.png,skill_buff,??/??,.png
S_Buff03.png,data/jpg/skills/support/buff/S_Buff03.png,skill_buff,??/??,.png
S_Buff04.png,data/jpg/skills/support/buff/S_Buff04.png,skill_buff,??/??,.png
S_Buff05.png,data/jpg/skills/support/buff/S_Buff05.png,skill_buff,??/??,.png
S_Buff06.png,data/jpg/skills/support/buff/S_Buff06.png,skill_buff,??/??,.png
S_Buff07.png,data/jpg/skills/support/buff/S_Buff07.png,skill_buff,??/??,.png
S_Buff08.png,data/jpg/skills/support/buff/S_Buff08.png,skill_buff,??/??,.png
S_Buff09.png,data/jpg/skills/support/buff/S_Buff09.png,skill_buff,??/??,.png
S_Buff10.png,data/jpg/skills/support/buff/S_Buff10.png,skill_buff,??/??,.png
S_Buff11.png,data/jpg/skills/support/buff/S_Buff11.png,skill_buff,??/??,.png
S_Buff12.png,data/jpg/skills/support/buff/S_Buff12.png,skill_buff,??/??,.png
S_Buff13.png,data/jpg/skills/support/buff/S_Buff13.png,skill_buff,??/??,.png
S_Buff14.png,data/jpg/skills/support/buff/S_Buff14.png,skill_buff,??/??,.png
S_Death01.png,data/jpg/skills/support/death/S_Death01.png,skill_death,??/??,.png
S_Death02.png,data/jpg/skills/support/death/S_Death02.png,skill_death,??/??,.png
S_Earth01.png,data/jpg/skills/element/earth/S_Earth01.png,skill_earth,??/?,.png
S_Earth02.png,data/jpg/skills/element/earth/S_Earth02.png,skill_earth,??/?,.png
S_Earth03.png,data/jpg/skills/element/earth/S_Earth03.png,skill_earth,??/?,.png
S_Earth04.png,data/jpg/skills/element/earth/S_Earth04.png,skill_earth,??/?,.png
S_Earth05.png,data/jpg/skills/element/earth/S_Earth05.png,skill_earth,??/?,.png
S_Earth06.png,data/jpg/skills/element/earth/S_Earth06.png,skill_earth,??/?,.png
S_Earth07.png,data/jpg/skills/element/earth/S_Earth07.png,skill_earth,??/?,.png
S_Fire01.png,data/jpg/skills/element/fire/S_Fire01.png,skill_fire,??/?,.png
S_Fire02.png,data/jpg/skills/element/fire/S_Fire02.png,skill_fire,??/?,.png
S_Fire03.png,data/jpg/skills/element/fire/S_Fire03.png,skill_fire,??/?,.png
S_Fire04.png,data/jpg/skills/element/fire/S_Fire04.png,skill_fire,??/?,.png
S_Fire05.png,data/jpg/skills/element/fire/S_Fire05.png,skill_fire,??/?,.png
S_Fire06.png,data/jpg/skills/element/fire/S_Fire06.png,skill_fire,??/?,.png
S_Fire07.png,data/jpg/skills/element/fire/S_Fire07.png,skill_fire,??/?,.png
S_Holy01.png,data/jpg/skills/element/holy/S_Holy01.png,skill_holy,??/?,.png
S_Holy02.png,data/jpg/skills/element/holy/S_Holy02.png,skill_holy,??/?,.png
S_Holy03.png,data/jpg/skills/element/holy/S_Holy03.png,skill_holy,??/?,.png
S_Holy04.png,data/jpg/skills/element/holy/S_Holy04.png,skill_holy,??/?,.png
S_Holy05.png,data/jpg/skills/element/holy/S_Holy05.png,skill_holy,??/?,.png
S_Holy06.png,data/jpg/skills/element/holy/S_Holy06.png,skill_holy,??/?,.png
S_Holy07.png,data/jpg/skills/element/holy/S_Holy07.png,skill_holy,??/?,.png
S_Ice01.png,data/jpg/skills/element/ice/S_Ice01.png,skill_ice,??/?,.png
S_Ice02.png,data/jpg/skills/element/ice/S_Ice02.png,skill_ice,??/?,.png
S_Ice03.png,data/jpg/skills/element/ice/S_Ice03.png,skill_ice,??/?,.png
S_Ice04.png,data/jpg/skills/element/ice/S_Ice04.png,skill_ice,??/?,.png
S_Ice05.png,data/jpg/skills/element/ice/S_Ice05.png,skill_ice,??/?,.png
S_Ice06.png,data/jpg/skills/element/ice/S_Ice06.png,skill_ice,??/?,.png
S_Ice07.png,data/jpg/skills/element/ice/S_Ice07.png,skill_ice,??/?,.png
S_Light01.png,data/jpg/skills/support/light/S_Light01.png,skill_light,??/?,.png
S_Light02.png,data/jpg/skills/support/light/S_Light02.png,skill_light,??/?,.png
S_Light03.png,data/jpg/skills/support/light/S_Light03.png,skill_light,??/?,.png
S_Physic01.png,data/jpg/skills/physical/impact/S_Physic01.png,skill_physical,??/??,.png
S_Physic02.png,data/jpg/skills/physical/impact/S_Physic02.png,skill_physical,??/??,.png
S_Poison01.png,data/jpg/skills/element/poison/S_Poison01.png,skill_poison,??/?,.png
S_Poison02.png,data/jpg/skills/element/poison/S_Poison02.png,skill_poison,??/?,.png
S_Poison03.png,data/jpg/skills/element/poison/S_Poison03.png,skill_poison,??/?,.png
S_Poison04.png,data/jpg/skills/element/poison/S_Poison04.png,skill_poison,??/?,.png
S_Poison05.png,data/jpg/skills/element/poison/S_Poison05.png,skill_poison,??/?,.png
S_Poison06.png,data/jpg/skills/element/poison/S_Poison06.png,skill_poison,??/?,.png
S_Poison07.png,data/jpg/skills/element/poison/S_Poison07.png,skill_poison,??/?,.png
S_Shadow01.png,data/jpg/skills/element/shadow/S_Shadow01.png,skill_shadow,??/?,.png
S_Shadow02.png,data/jpg/skills/element/shadow/S_Shadow02.png,skill_shadow,??/?,.png
S_Shadow03.png,data/jpg/skills/element/shadow/S_Shadow03.png,skill_shadow,??/?,.png
S_Shadow04.png,data/jpg/skills/element/shadow/S_Shadow04.png,skill_shadow,??/?,.png
S_Shadow05.png,data/jpg/skills/element/shadow/S_Shadow05.png,skill_shadow,??/?,.png
S_Shadow06.png,data/jpg/skills/element/shadow/S_Shadow06.png,skill_shadow,??/?,.png
S_Shadow07.png,data/jpg/skills/element/shadow/S_Shadow07.png,skill_shadow,??/?,.png
S_Sword01.png,data/jpg/skills/physical/sword/S_Sword01.png,skill_sword,??/??,.png
S_Sword02.png,data/jpg/skills/physical/sword/S_Sword02.png,skill_sword,??/??,.png
S_Sword03.png,data/jpg/skills/physical/sword/S_Sword03.png,skill_sword,??/??,.png
S_Sword04.png,data/jpg/skills/physical/sword/S_Sword04.png,skill_sword,??/??,.png
S_Sword05.png,data/jpg/skills/physical/sword/S_Sword05.png,skill_sword,??/??,.png
S_Sword06.png,data/jpg/skills/physical/sword/S_Sword06.png,skill_sword,??/??,.png
S_Sword07.png,data/jpg/skills/physical/sword/S_Sword07.png,skill_sword,??/??,.png
S_Sword08.png,data/jpg/skills/physical/sword/S_Sword08.png,skill_sword,??/??,.png
S_Sword09.png,data/jpg/skills/physical/sword/S_Sword09.png,skill_sword,??/??,.png
S_Sword10.png,data/jpg/skills/physical/sword/S_Sword10.png,skill_sword,??/??,.png
S_Thunder01.png,data/jpg/skills/element/thunder/S_Thunder01.png,skill_thunder,??/?,.png
S_Thunder02.png,data/jpg/skills/element/thunder/S_Thunder02.png,skill_thunder,??/?,.png
S_Thunder03.png,data/jpg/skills/element/thunder/S_Thunder03.png,skill_thunder,??/?,.png
S_Thunder04.png,data/jpg/skills/element/thunder/S_Thunder04.png,skill_thunder,??/?,.png
S_Thunder05.png,data/jpg/skills/element/thunder/S_Thunder05.png,skill_thunder,??/?,.png
S_Thunder06.png,data/jpg/skills/element/thunder/S_Thunder06.png,skill_thunder,??/?,.png
S_Thunder07.png,data/jpg/skills/element/thunder/S_Thunder07.png,skill_thunder,??/?,.png
S_Water01.png,data/jpg/skills/element/water/S_Water01.png,skill_water,??/?,.png
S_Water02.png,data/jpg/skills/element/water/S_Water02.png,skill_water,??/?,.png
S_Water03.png,data/jpg/skills/element/water/S_Water03.png,skill_water,??/?,.png
S_Water04.png,data/jpg/skills/element/water/S_Water04.png,skill_water,??/?,.png
S_Water05.png,data/jpg/skills/element/water/S_Water05.png,skill_water,??/?,.png
S_Water06.png,data/jpg/skills/element/water/S_Water06.png,skill_water,??/?,.png
S_Water07.png,data/jpg/skills/element/water/S_Water07.png,skill_water,??/?,.png
S_Wind01.png,data/jpg/skills/element/wind/S_Wind01.png,skill_wind,??/?,.png
S_Wind02.png,data/jpg/skills/element/wind/S_Wind02.png,skill_wind,??/?,.png
S_Wind03.png,data/jpg/skills/element/wind/S_Wind03.png,skill_wind,??/?,.png
S_Wind04.png,data/jpg/skills/element/wind/S_Wind04.png,skill_wind,??/?,.png
S_Wind05.png,data/jpg/skills/element/wind/S_Wind05.png,skill_wind,??/?,.png
S_Wind06.png,data/jpg/skills/element/wind/S_Wind06.png,skill_wind,??/?,.png
S_Wind07.png,data/jpg/skills/element/wind/S_Wind07.png,skill_wind,??/?,.png
W_Axe001.png,data/jpg/equipment/weapon/axe/W_Axe001.png,weapon_axe,??/??/?,.png
W_Axe002.png,data/jpg/equipment/weapon/axe/W_Axe002.png,weapon_axe,??/??/?,.png
W_Axe003.png,data/jpg/equipment/weapon/axe/W_Axe003.png,weapon_axe,??/??/?,.png
W_Axe004.png,data/jpg/equipment/weapon/axe/W_Axe004.png,weapon_axe,??/??/?,.png
W_Axe005.png,data/jpg/equipment/weapon/axe/W_Axe005.png,weapon_axe,??/??/?,.png
W_Axe006.png,data/jpg/equipment/weapon/axe/W_Axe006.png,weapon_axe,??/??/?,.png
W_Axe007.png,data/jpg/equipment/weapon/axe/W_Axe007.png,weapon_axe,??/??/?,.png
W_Axe008.png,data/jpg/equipment/weapon/axe/W_Axe008.png,weapon_axe,??/??/?,.png
W_Axe009.png,data/jpg/equipment/weapon/axe/W_Axe009.png,weapon_axe,??/??/?,.png
W_Axe010.png,data/jpg/equipment/weapon/axe/W_Axe010.png,weapon_axe,??/??/?,.png
W_Axe011.png,data/jpg/equipment/weapon/axe/W_Axe011.png,weapon_axe,??/??/?,.png
W_Axe012.png,data/jpg/equipment/weapon/axe/W_Axe012.png,weapon_axe,??/??/?,.png
W_Axe013.png,data/jpg/equipment/weapon/axe/W_Axe013.png,weapon_axe,??/??/?,.png
W_Axe014.png,data/jpg/equipment/weapon/axe/W_Axe014.png,weapon_axe,??/??/?,.png
W_Book01.png,data/jpg/equipment/weapon/book/W_Book01.png,weapon_book,??/??/??,.png
W_Book02.png,data/jpg/equipment/weapon/book/W_Book02.png,weapon_book,??/??/??,.png
W_Book03.png,data/jpg/equipment/weapon/book/W_Book03.png,weapon_book,??/??/??,.png
W_Book04.png,data/jpg/equipment/weapon/book/W_Book04.png,weapon_book,??/??/??,.png
W_Book05.png,data/jpg/equipment/weapon/book/W_Book05.png,weapon_book,??/??/??,.png
W_Book06.png,data/jpg/equipment/weapon/book/W_Book06.png,weapon_book,??/??/??,.png
W_Book07.png,data/jpg/equipment/weapon/book/W_Book07.png,weapon_book,??/??/??,.png
W_Bow01.png,data/jpg/equipment/weapon/bow/W_Bow01.png,weapon_bow,??/??/?,.png
W_Bow02.png,data/jpg/equipment/weapon/bow/W_Bow02.png,weapon_bow,??/??/?,.png
W_Bow03.png,data/jpg/equipment/weapon/bow/W_Bow03.png,weapon_bow,??/??/?,.png
W_Bow04.png,data/jpg/equipment/weapon/bow/W_Bow04.png,weapon_bow,??/??/?,.png
W_Bow05.png,data/jpg/equipment/weapon/bow/W_Bow05.png,weapon_bow,??/??/?,.png
W_Bow06.png,data/jpg/equipment/weapon/bow/W_Bow06.png,weapon_bow,??/??/?,.png
W_Bow07.png,data/jpg/equipment/weapon/bow/W_Bow07.png,weapon_bow,??/??/?,.png
W_Bow08.png,data/jpg/equipment/weapon/bow/W_Bow08.png,weapon_bow,??/??/?,.png
W_Bow09.png,data/jpg/equipment/weapon/bow/W_Bow09.png,weapon_bow,??/??/?,.png
W_Bow10.png,data/jpg/equipment/weapon/bow/W_Bow10.png,weapon_bow,??/??/?,.png
W_Bow11.png,data/jpg/equipment/weapon/bow/W_Bow11.png,weapon_bow,??/??/?,.png
W_Bow12.png,data/jpg/equipment/weapon/bow/W_Bow12.png,weapon_bow,??/??/?,.png
W_Bow13.png,data/jpg/equipment/weapon/bow/W_Bow13.png,weapon_bow,??/??/?,.png
W_Bow14.png,data/jpg/equipment/weapon/bow/W_Bow14.png,weapon_bow,??/??/?,.png
W_Dagger001.png,data/jpg/equipment/weapon/dagger/W_Dagger001.png,weapon_dagger,??/??/??,.png
W_Dagger002.png,data/jpg/equipment/weapon/dagger/W_Dagger002.png,weapon_dagger,??/??/??,.png
W_Dagger003.png,data/jpg/equipment/weapon/dagger/W_Dagger003.png,weapon_dagger,??/??/??,.png
W_Dagger004.png,data/jpg/equipment/weapon/dagger/W_Dagger004.png,weapon_dagger,??/??/??,.png
W_Dagger005.png,data/jpg/equipment/weapon/dagger/W_Dagger005.png,weapon_dagger,??/??/??,.png
W_Dagger006.png,data/jpg/equipment/weapon/dagger/W_Dagger006.png,weapon_dagger,??/??/??,.png
W_Dagger007.png,data/jpg/equipment/weapon/dagger/W_Dagger007.png,weapon_dagger,??/??/??,.png
W_Dagger008.png,data/jpg/equipment/weapon/dagger/W_Dagger008.png,weapon_dagger,??/??/??,.png
W_Dagger009.png,data/jpg/equipment/weapon/dagger/W_Dagger009.png,weapon_dagger,??/??/??,.png
W_Dagger010.png,data/jpg/equipment/weapon/dagger/W_Dagger010.png,weapon_dagger,??/??/??,.png
W_Dagger011.png,data/jpg/equipment/weapon/dagger/W_Dagger011.png,weapon_dagger,??/??/??,.png
W_Dagger012.png,data/jpg/equipment/weapon/dagger/W_Dagger012.png,weapon_dagger,??/??/??,.png
W_Dagger013.png,data/jpg/equipment/weapon/dagger/W_Dagger013.png,weapon_dagger,??/??/??,.png
W_Dagger014.png,data/jpg/equipment/weapon/dagger/W_Dagger014.png,weapon_dagger,??/??/??,.png
W_Dagger015.png,data/jpg/equipment/weapon/dagger/W_Dagger015.png,weapon_dagger,??/??/??,.png
W_Dagger016.png,data/jpg/equipment/weapon/dagger/W_Dagger016.png,weapon_dagger,??/??/??,.png
W_Dagger017.png,data/jpg/equipment/weapon/dagger/W_Dagger017.png,weapon_dagger,??/??/??,.png
W_Dagger018.png,data/jpg/equipment/weapon/dagger/W_Dagger018.png,weapon_dagger,??/??/??,.png
W_Dagger019.png,data/jpg/equipment/weapon/dagger/W_Dagger019.png,weapon_dagger,??/??/??,.png
W_Dagger020.png,data/jpg/equipment/weapon/dagger/W_Dagger020.png,weapon_dagger,??/??/??,.png
W_Dagger021.png,data/jpg/equipment/weapon/dagger/W_Dagger021.png,weapon_dagger,??/??/??,.png
W_Fist001.png,data/jpg/equipment/weapon/fist/W_Fist001.png,weapon_fist,??/??/??,.png
W_Fist002.png,data/jpg/equipment/weapon/fist/W_Fist002.png,weapon_fist,??/??/??,.png
W_Fist003.png,data/jpg/equipment/weapon/fist/W_Fist003.png,weapon_fist,??/??/??,.png
W_Fist004.png,data/jpg/equipment/weapon/fist/W_Fist004.png,weapon_fist,??/??/??,.png
W_Fist005.png,data/jpg/equipment/weapon/fist/W_Fist005.png,weapon_fist,??/??/??,.png
W_Gun001.png,data/jpg/equipment/weapon/gun/W_Gun001.png,weapon_gun,??/??/??,.png
W_Gun002.png,data/jpg/equipment/weapon/gun/W_Gun002.png,weapon_gun,??/??/??,.png
W_Gun003.png,data/jpg/equipment/weapon/gun/W_Gun003.png,weapon_gun,??/??/??,.png
W_Mace001.png,data/jpg/equipment/weapon/mace/W_Mace001.png,weapon_mace,??/??/?,.png
W_Mace002.png,data/jpg/equipment/weapon/mace/W_Mace002.png,weapon_mace,??/??/?,.png
W_Mace003.png,data/jpg/equipment/weapon/mace/W_Mace003.png,weapon_mace,??/??/?,.png
W_Mace004.png,data/jpg/equipment/weapon/mace/W_Mace004.png,weapon_mace,??/??/?,.png
W_Mace005.png,data/jpg/equipment/weapon/mace/W_Mace005.png,weapon_mace,??/??/?,.png
W_Mace006.png,data/jpg/equipment/weapon/mace/W_Mace006.png,weapon_mace,??/??/?,.png
W_Mace007.png,data/jpg/equipment/weapon/mace/W_Mace007.png,weapon_mace,??/??/?,.png
W_Mace008.png,data/jpg/equipment/weapon/mace/W_Mace008.png,weapon_mace,??/??/?,.png
W_Mace009.png,data/jpg/equipment/weapon/mace/W_Mace009.png,weapon_mace,??/??/?,.png
W_Mace010.png,data/jpg/equipment/weapon/mace/W_Mace010.png,weapon_mace,??/??/?,.png
W_Mace011.png,data/jpg/equipment/weapon/mace/W_Mace011.png,weapon_mace,??/??/?,.png
W_Mace012.png,data/jpg/equipment/weapon/mace/W_Mace012.png,weapon_mace,??/??/?,.png
W_Mace013.png,data/jpg/equipment/weapon/mace/W_Mace013.png,weapon_mace,??/??/?,.png
W_Mace014.png,data/jpg/equipment/weapon/mace/W_Mace014.png,weapon_mace,??/??/?,.png
W_Spear001.png,data/jpg/equipment/weapon/spear/W_Spear001.png,weapon_spear,??/??/?,.png
W_Spear002.png,data/jpg/equipment/weapon/spear/W_Spear002.png,weapon_spear,??/??/?,.png
W_Spear003.png,data/jpg/equipment/weapon/spear/W_Spear003.png,weapon_spear,??/??/?,.png
W_Spear004.png,data/jpg/equipment/weapon/spear/W_Spear004.png,weapon_spear,??/??/?,.png
W_Spear005.png,data/jpg/equipment/weapon/spear/W_Spear005.png,weapon_spear,??/??/?,.png
W_Spear006.png,data/jpg/equipment/weapon/spear/W_Spear006.png,weapon_spear,??/??/?,.png
W_Spear007.png,data/jpg/equipment/weapon/spear/W_Spear007.png,weapon_spear,??/??/?,.png
W_Spear008.png,data/jpg/equipment/weapon/spear/W_Spear008.png,weapon_spear,??/??/?,.png
W_Spear009.png,data/jpg/equipment/weapon/spear/W_Spear009.png,weapon_spear,??/??/?,.png
W_Spear010.png,data/jpg/equipment/weapon/spear/W_Spear010.png,weapon_spear,??/??/?,.png
W_Spear011.png,data/jpg/equipment/weapon/spear/W_Spear011.png,weapon_spear,??/??/?,.png
W_Spear012.png,data/jpg/equipment/weapon/spear/W_Spear012.png,weapon_spear,??/??/?,.png
W_Spear013.png,data/jpg/equipment/weapon/spear/W_Spear013.png,weapon_spear,??/??/?,.png
W_Spear014.png,data/jpg/equipment/weapon/spear/W_Spear014.png,weapon_spear,??/??/?,.png
W_Sword001.png,data/jpg/equipment/weapon/sword/W_Sword001.png,weapon_sword,??/??/?,.png
W_Sword002.png,data/jpg/equipment/weapon/sword/W_Sword002.png,weapon_sword,??/??/?,.png
W_Sword003.png,data/jpg/equipment/weapon/sword/W_Sword003.png,weapon_sword,??/??/?,.png
W_Sword004.png,data/jpg/equipment/weapon/sword/W_Sword004.png,weapon_sword,??/??/?,.png
W_Sword005.png,data/jpg/equipment/weapon/sword/W_Sword005.png,weapon_sword,??/??/?,.png
W_Sword006.png,data/jpg/equipment/weapon/sword/W_Sword006.png,weapon_sword,??/??/?,.png
W_Sword007.png,data/jpg/equipment/weapon/sword/W_Sword007.png,weapon_sword,??/??/?,.png
W_Sword008.png,data/jpg/equipment/weapon/sword/W_Sword008.png,weapon_sword,??/??/?,.png
W_Sword009.png,data/jpg/equipment/weapon/sword/W_Sword009.png,weapon_sword,??/??/?,.png
W_Sword010.png,data/jpg/equipment/weapon/sword/W_Sword010.png,weapon_sword,??/??/?,.png
W_Sword011.png,data/jpg/equipment/weapon/sword/W_Sword011.png,weapon_sword,??/??/?,.png
W_Sword012.png,data/jpg/equipment/weapon/sword/W_Sword012.png,weapon_sword,??/??/?,.png
W_Sword013.png,data/jpg/equipment/weapon/sword/W_Sword013.png,weapon_sword,??/??/?,.png
W_Sword014.png,data/jpg/equipment/weapon/sword/W_Sword014.png,weapon_sword,??/??/?,.png
W_Sword015.png,data/jpg/equipment/weapon/sword/W_Sword015.png,weapon_sword,??/??/?,.png
W_Sword016.png,data/jpg/equipment/weapon/sword/W_Sword016.png,weapon_sword,??/??/?,.png
W_Sword017.png,data/jpg/equipment/weapon/sword/W_Sword017.png,weapon_sword,??/??/?,.png
W_Sword018.png,data/jpg/equipment/weapon/sword/W_Sword018.png,weapon_sword,??/??/?,.png
W_Sword019.png,data/jpg/equipment/weapon/sword/W_Sword019.png,weapon_sword,??/??/?,.png
W_Sword020.png,data/jpg/equipment/weapon/sword/W_Sword020.png,weapon_sword,??/??/?,.png
W_Sword021.png,data/jpg/equipment/weapon/sword/W_Sword021.png,weapon_sword,??/??/?,.png
W_Throw001.png,data/jpg/equipment/weapon/throwing/W_Throw001.png,weapon_throwing,??/??/??,.png
W_Throw002.png,data/jpg/equipment/weapon/throwing/W_Throw002.png,weapon_throwing,??/??/??,.png
W_Throw003.png,data/jpg/equipment/weapon/throwing/W_Throw003.png,weapon_throwing,??/??/??,.png
W_Throw004.png,data/jpg/equipment/weapon/throwing/W_Throw004.png,weapon_throwing,??/??/??,.png
W_Throw05.png,data/jpg/equipment/weapon/throwing/W_Throw05.png,weapon_throwing,??/??/??,.png
